"","ID","key"
"1",466,2557756563
"2",1163,3014586860
"3",1163,3014586862
"4",1163,3014586866
"5",1221,3395659268
"6",1221,3395659274
"7",1221,3395659227
"8",1221,3395659228
"9",1268,2992085001
"10",1268,2992085016
"11",1268,2992084997
"12",1268,2992085008
"13",1268,3027130076
"14",1268,3027130078
"15",1268,3027130072
"16",1268,3027131488
"17",1268,3027131487
"18",1268,3027131500
"19",1301,1717176180
"20",1301,1717176336
"21",2044,2992081821
"22",2044,2992081820
"23",2044,2992081876
"24",2044,2992081822
"25",2044,3743681596
"26",2044,2992078564
"27",2059,3027137485
"28",2059,3027133763
"29",2059,3027133764
"30",2059,3027137488
"31",2067,4075838738
"32",2067,3889118040
"33",2067,3902354280
"34",2067,3903295927
"35",2067,3947696431
"36",2067,3417180329
"37",2067,3417180327
"38",2067,3417180355
"39",2067,3417180347
"40",2067,3417180346
"41",2067,3417180351
"42",2067,3417180349
"43",2067,3417180362
"44",2067,3417180360
"45",2067,3417180321
"46",2067,3417180331
"47",2067,3417180330
"48",2067,3417180334
"49",2067,3417180333
"50",2067,3417180325
"51",2067,3417180323
"52",2067,3417180338
"53",2067,3417180302
"54",2067,3417180301
"55",2067,3417180312
"56",2067,3417180311
"57",2067,3417180316
"58",2067,3417180314
"59",2067,3417180306
"60",2067,3417180304
"61",2067,3417180310
"62",2067,3417180308
"63",2067,3417180365
"64",2067,3417180367
"65",2067,3417180366
"66",2067,3417180377
"67",2067,3417180376
"68",2067,3417180381
"69",2067,3417180379
"70",2067,3417180371
"71",2067,3417180369
"72",2067,3417180374
"73",2067,3417180342
"74",2067,3417180341
"75",2067,3417180344
"76",2067,3417180343
"77",2067,3417180354
"78",2067,3330774113
"79",2067,3417180318
"80",2067,3417180317
"81",2067,3417180320
"82",2067,3417180319
"83",2067,3417180375
"84",2067,3418349301
"85",2067,3418349303
"86",2067,3418349302
"87",2067,3417180380
"88",2067,3417180378
"89",2067,3417180370
"90",2067,3417180368
"91",2067,3417180373
"92",2067,3417180372
"93",2067,3417180383
"94",2067,3417180382
"95",2067,3417180384
"96",2067,3417180353
"97",2067,3417180352
"98",2067,3417180356
"99",2067,3743683869
"100",2067,3743683867
"101",2067,3743683853
"102",2067,1993745886
"103",2067,3417180345
"104",2067,3306054616
"105",2067,3417180350
"106",2067,3417180348
"107",2067,3417180361
"108",2067,3417180359
"109",2067,3417180364
"110",2067,3417180363
"111",2067,3417180358
"112",2067,3417180357
"113",2067,3417180332
"114",2067,3321165434
"115",2067,3859087618
"116",2067,3417180324
"117",2067,3417180322
"118",2067,3417180328
"119",2067,3859351625
"120",2067,3859040626
"121",2067,3858232627
"122",2067,3306054618
"123",2067,3417180326
"124",2067,3417180337
"125",2067,3417180336
"126",2067,3417180340
"127",2067,3417180339
"128",2067,3417180335
"129",2067,3417180315
"130",2067,3417180313
"131",2067,3417180305
"132",2067,3417180303
"133",2067,3417180309
"134",2067,3417180307
"135",2067,3743683866
"136",2067,3743683868
"137",2067,3743683870
"138",2067,2980994315
"139",2067,4046235951
"140",2067,3743683724
"141",2067,3743683861
"142",2067,3743683864
"143",2067,3743683865
"144",2067,3027135185
"145",2067,3027147404
"146",2067,3743683711
"147",2067,3027132124
"148",2067,3027132125
"149",2067,3309099662
"150",2067,3309099678
"151",2067,3309099680
"152",2390,3014566300
"153",2390,3014566310
"154",3297,4020853700
"155",3297,4020853705
"156",3297,4020853847
"157",3297,4020853843
"158",3297,4020853842
"159",3297,4020853845
"160",3297,4020853708
"161",3297,4020853851
"162",3297,4020853846
"163",3297,4020853848
"164",3375,3888694209
"165",3674,3899028886
"166",3674,3899023579
"167",3674,3899029433
"168",3674,3899027105
"169",3674,3899029521
"170",3674,3899024616
"171",3674,3899024095
"172",3674,3899027016
"173",3674,3899025973
"174",3674,3899026219
"175",3674,3899028046
"176",3674,3899026345
"177",3674,3899023534
"178",3674,3899026876
"179",3674,3899024713
"180",3674,3899027888
"181",3674,3899026479
"182",3674,3899027738
"183",3674,3899026427
"184",3674,3899027916
"185",3674,3899027721
"186",3674,3899029016
"187",3674,3899023548
"188",3674,3899029261
"189",3674,3899023935
"190",3674,3899026779
"191",3674,3899029649
"192",3674,3899028171
"193",3674,3899027982
"194",3674,3899029527
"195",3674,3899025735
"196",3674,3899025612
"197",3674,3899029243
"198",3674,3899025054
"199",3674,3899024354
"200",3674,3899024848
"201",3674,3899027985
"202",3674,3899028645
"203",3674,3899025100
"204",3674,3899026820
"205",3674,3899027193
"206",3674,3899029416
"207",3674,3899024043
"208",3674,3899025884
"209",3674,3899023518
"210",3674,3899027182
"211",3674,3899023963
"212",3674,3899025347
"213",3674,3899028295
"214",3674,3899025566
"215",3674,3899023769
"216",3674,3899026221
"217",3674,3899024847
"218",3674,3899028155
"219",3674,3899026145
"220",3674,3899024913
"221",3674,3899023455
"222",3674,3899027989
"223",3674,3899025369
"224",3674,3899027929
"225",3674,3899027128
"226",3674,3899024476
"227",3928,3893505575
"228",3928,3893505667
"229",4883,3858371201
"230",4883,4080644430
"231",4883,3858957586
"232",4883,3858758668
"233",4883,3860200455
"234",4883,4080556434
"235",4883,4080527568
"236",4883,3873149052
"237",4883,3902758276
"238",4883,3902258276
"239",4883,3902974587
"240",4883,4080625626
"241",4883,4080969615
"242",4883,3902465637
"243",4883,3963241552
"244",4883,3915705532
"245",4883,3925016186
"246",4883,4080669481
"247",4883,4080653487
"248",4883,4080613709
"249",4883,4080577735
"250",4883,4080500381
"251",4883,4080473369
"252",4883,3321180386
"253",4883,3325568148
"254",4883,3712703897
"255",4883,3888693542
"256",4883,3705674569
"257",4883,3712597884
"258",4883,3712673844
"259",4883,3712645047
"260",4883,3712691889
"261",4883,3712736045
"262",4883,3712592921
"263",4883,3712607093
"264",4883,3902724890
"265",4883,3947496486
"266",4883,3888692664
"267",4883,3712673144
"268",4883,4080971336
"269",4883,3947273392
"270",4883,3888692678
"271",4883,3888694704
"272",4883,2273209214
"273",4883,2269282185
"274",4883,2992077224
"275",4883,2992757914
"276",4883,2992077223
"277",4883,2992077211
"278",4883,2992077229
"279",4883,2992077207
"280",4883,3888694677
"281",4883,2992081725
"282",4883,2992074886
"283",4883,4080673349
"284",4883,3391638140
"285",4883,3391654128
"286",4883,2999165745
"287",4883,3705438351
"288",4883,3698213499
"289",4883,3705792471
"290",4883,4014849621
"291",4883,4039277541
"292",4883,4039210518
"293",4883,3698401517
"294",4883,3698403506
"295",4883,3705495456
"296",4883,3698192504
"297",4883,3698251541
"298",4965,1144713759
